﻿{
    "HX": {
        "back_position": [
            670,
            1030
        ],
        "back_position_1920_1080": [
            350,
            1030
        ],
        "back_position_2560_1080": [
            670,
            1030
        ],
        "find_fs": 50,
        "key_hold_time": 250,
        "d_time": 150,
        "mouse_hold_time": 30,
        "BackgroundColorRGB": "0x081010",
        "dxgi": 1,
        "sim": 0.9
    },
    "position1": "805|1042|75|22",
    "position2": "1010|1042|88|19",
    "position3": "1207|1042|87|20",
    "position4": "1406|1041|88|24",
    "position5": "1608|1041|102|22",
    "position": [
        "804",
        "1039",
        "992",
        "35"
    ],
    "ocr_money_position": [
        "1193",
        "883",
        "45",
        "24"
    ],
    "back_hero": {
        "凯尔": 0,
        "劫": 1,
        "克烈": 1,
        "格温": 1,
        "亚托克斯": 1,
        "卡特琳娜": 1,
        "德莱厄斯": 0,
        "瑟提": 0,
        "慎": 1,
        "阿狸": 1
    },
    "is_stop": 1,
    "click_on_the_number_of_times": 5,
    "is_use_ocr": 0,
    "min_money": 10,
    "is_use_ocr_find_money": 0
}