﻿{"HX":{"back_position":[670,1030],"back_position_1920_1080":[350,1030],"back_position_2560_1080":[670,1030],"find_fs":50,"key_hold_time":250,"d_time":150,"mouse_hold_time":30,"BackgroundColorRGB":"0x081010","dxgi":0,"sim":0.9},"position1":"805|1042|75|22","position2":"1010|1042|88|19","position3":"1207|1042|87|20","position4":"1406|1041|88|24","position5":"1608|1041|102|22","position":[790,1029,1011,50],"back_hero":{"瑟提":1,"希瓦娜":1,"慎":1,"凯隐":1,"赫卡里姆":1,"霞":1,"亚索":1,"李青":1}}